<?xml version="1.0"?>
<!--<!DOCTYPE metadata SYSTEM "http://www.esri.com/metadata/esriprof80.dtd">-->
<metadata xml:lang="it"><Esri><CreaDate>20110415</CreaDate><CreaTime>11072800</CreaTime><SyncOnce>TRUE</SyncOnce><DataProperties><lineage><Process ToolSource="C:\Program Files\ArcGIS\ArcToolbox\Toolboxes\Data Management Tools.tbx\RepairGeometry" Date="20100901" Time="154511">RepairGeometry UC_VATE DELETE_NULL UC_VATE</Process></lineage></DataProperties><MetaID>{994394CE-F156-4942-B958-833D279D83E6}</MetaID></Esri><idinfo><citation><citeinfo><onlink Sync="TRUE">\\PC_MICHELA\E$\Valle Telesina\1_ruslenuova2011\RuslexAries\K_factor\K_factor</onlink></citeinfo></citation></idinfo><distInfo><distributor><distorTran><onLineSrc><linkage Sync="TRUE">file://\\PC_MICHELA\E$\Valle Telesina\1_ruslenuova2011\RuslexAries\K_factor\K_factor</linkage><protocol Sync="TRUE">Local Area Network</protocol></onLineSrc></distorTran></distributor></distInfo><dataqual><lineage><procstep><procdesc Sync="TRUE">Dataset copied.</procdesc><srcused Sync="TRUE"></srcused><procdate Sync="TRUE">20110414</procdate><proctime Sync="TRUE">11543000</proctime></procstep><procstep><procdesc Sync="TRUE">Dataset copied.</procdesc><srcused Sync="TRUE"></srcused><procdate Sync="TRUE">20110415</procdate><proctime Sync="TRUE">11033600</proctime></procstep><procstep><procdesc Sync="TRUE">Dataset moved.</procdesc><srcused Sync="TRUE">E:\Valle Telesina\1_ruslenuova2011\RuslexAries\K_factor</srcused><procdate Sync="TRUE">20110415</procdate><proctime Sync="TRUE">11071300</proctime></procstep><procstep><procdesc Sync="TRUE">Dataset copied.</procdesc><srcused Sync="TRUE">E:\Valle Telesina\1_ruslenuova2011\RuslexAries\LS_factor\K_factor</srcused><procdate Sync="TRUE">20110415</procdate><proctime Sync="TRUE">11072800</proctime></procstep></lineage></dataqual></metadata>
